"test url","fcp","fid","lcp","cls","date","device"
"https://www.99acres.com/property-in-noida-ffid","1809","6","2261","0.05","2022-02-11 09:24",
"https://www.99acres.com/property-for-rent-in-noida-ffid","2050","6","2342","0.23","2022-02-11 09:24",
"https://www.99acres.com/commercial-property-in-noida-ffid","2106","no data","3017","0.05","2022-02-11 09:24",
"https://www.99acres.com/property-in-noida-ffid","1809","6","2261","0.05","2022-02-11 09:24",
"https://www.99acres.com","1806","4","2637","0.15","2022-02-11 09:24",
"https://www.99acres.com/property-in-noida-ffid","1809","6","2261","0.05","2022-02-11 12:24",
"https://www.99acres.com/property-for-rent-in-noida-ffid","2050","6","2342","0.23","2022-02-11 12:24",
"https://www.99acres.com/commercial-property-in-noida-ffid","2106","no data","3017","0.05","2022-02-11 12:24",
"https://www.99acres.com/property-in-noida-ffid","1809","6","2261","0.05","2022-02-11 12:24",
"https://www.99acres.com","1806","4","2637","0.15","2022-02-11 12:24",
"https://www.99acres.com/property-in-noida-ffid","1811","6","2271","0.04","2022-02-11 13:29","desktop"
"https://www.99acres.com/property-for-rent-in-noida-ffid","2101","4","2345","0.23","2022-02-11 13:29","desktop"
"https://www.99acres.com/commercial-property-in-noida-ffid","2049","no data","3066","NaN","2022-02-11 13:29","desktop"
"https://www.99acres.com","1810","4","2636","0.14","2022-02-11 13:29","desktop"
"https://www.99acres.com/property-in-noida-ffid","1811","6","2271","0.04","2022-02-11 15:38","desktop"
"https://www.99acres.com/property-for-rent-in-noida-ffid","2101","4","2345","0.23","2022-02-11 15:38","desktop"
"https://www.99acres.com/commercial-property-in-noida-ffid","2049","no data","3066","NaN","2022-02-11 15:38","desktop"
"https://www.99acres.com/property-in-noida-ffid","1811","6","2271","0.04","2022-02-11 15:38","desktop"
"https://www.99acres.com","1810","4","2636","0.14","2022-02-11 15:38","desktop"
"https://www.99acres.com/property-in-noida-ffid","1811","6","2271","0.04","2022-02-11 18:18","desktop"
"https://www.99acres.com/property-for-rent-in-noida-ffid","2101","4","2345","0.23","2022-02-11 18:18","desktop"
"https://www.99acres.com/commercial-property-in-noida-ffid","2049","no data","3066","NaN","2022-02-11 18:18","desktop"
"https://www.99acres.com/property-in-noida-ffid","1811","6","2271","0.04","2022-02-11 18:18","desktop"
"https://www.99acres.com","1810","4","2636","0.14","2022-02-11 18:18","desktop"
"https://www.99acres.com/property-in-noida-ffid","1837","5","2311","0.04","2022-02-14 09:36","desktop"
"https://www.99acres.com/property-for-rent-in-noida-ffid","2028","4","2292","0.22","2022-02-14 09:36","desktop"
"https://www.99acres.com/commercial-property-in-noida-ffid","1821","no data","2747","0.06","2022-02-14 09:36","desktop"
"https://www.99acres.com/property-in-noida-ffid","1837","5","2311","0.04","2022-02-14 09:36","desktop"
"https://www.99acres.com","1810","4","2625","0.13","2022-02-14 09:36","desktop"
"https://www.99acres.com/property-in-noida-ffid","1837","5","2311","0.04","2022-02-14 12:00","desktop"
"https://www.99acres.com/property-for-rent-in-noida-ffid","2028","4","2292","0.22","2022-02-14 12:00","desktop"
"https://www.99acres.com/commercial-property-in-noida-ffid","1821","no data","2747","0.06","2022-02-14 12:00","desktop"
"https://www.99acres.com/property-in-noida-ffid","1837","5","2311","0.04","2022-02-14 12:00","desktop"
"https://www.99acres.com","1810","4","2625","0.13","2022-02-14 12:00","desktop"
"https://www.99acres.com","1810","4","2625","0.13","2022-02-14 15:00","desktop"
"https://www.99acres.com/property-in-noida-ffid","1837","5","2354","0.04","2022-02-14 18:00","desktop"
"https://www.99acres.com/property-for-rent-in-noida-ffid","2036","4","2307","0.22","2022-02-14 18:00","desktop"
"https://www.99acres.com/commercial-property-in-noida-ffid","1821","no data","2632","0.06","2022-02-14 18:00","desktop"
"https://www.99acres.com/property-in-noida-ffid","1837","5","2354","0.04","2022-02-14 18:00","desktop"
"https://www.99acres.com/property-in-noida-ffid","1837","5","2311","0.04","2022-02-14 15:00","desktop"
"https://www.99acres.com/property-for-rent-in-noida-ffid","2028","4","2292","0.22","2022-02-14 15:00","desktop"
"https://www.99acres.com/commercial-property-in-noida-ffid","1821","no data","2747","0.06","2022-02-14 15:00","desktop"
"https://www.99acres.com/property-in-noida-ffid","1837","5","2311","0.04","2022-02-14 15:00","desktop"
"https://www.99acres.com","1808","4","2618","0.13","2022-02-14 18:00","desktop"
"https://www.99acres.com/property-in-noida-ffid","1837","5","2354","0.04","2022-02-14 18:30","desktop"
"https://www.99acres.com/property-for-rent-in-noida-ffid","2036","4","2307","0.22","2022-02-14 18:30","desktop"
"https://www.99acres.com/commercial-property-in-noida-ffid","1821","no data","2632","0.06","2022-02-14 18:30","desktop"
"https://www.99acres.com/property-in-noida-ffid","1837","5","2354","0.04","2022-02-14 18:30","desktop"
"https://www.99acres.com","1808","4","2618","0.13","2022-02-14 18:30","desktop"
"https://www.99acres.com","1808","4","2618","0.13","2022-02-14 20:00","desktop"
"https://www.99acres.com/property-in-noida-ffid","1837","5","2354","0.04","2022-02-14 20:00","desktop"
"https://www.99acres.com/property-for-rent-in-noida-ffid","2036","4","2307","0.22","2022-02-14 20:00","desktop"
"https://www.99acres.com/commercial-property-in-noida-ffid","1821","no data","2632","0.06","2022-02-14 20:00","desktop"
"https://www.99acres.com/property-in-noida-ffid","1837","5","2354","0.04","2022-02-14 20:00","desktop"
"https://www.99acres.com/property-in-noida-ffid","1837","5","2354","0.04","2022-02-14 22:00","desktop"
"https://www.99acres.com/property-for-rent-in-noida-ffid","2036","4","2307","0.22","2022-02-14 22:00","desktop"
"https://www.99acres.com/commercial-property-in-noida-ffid","1821","no data","2632","0.06","2022-02-14 22:00","desktop"
"https://www.99acres.com/property-in-noida-ffid","1837","5","2354","0.04","2022-02-14 22:00","desktop"
"https://www.99acres.com","1808","4","2618","0.13","2022-02-14 22:00","desktop"
"https://www.99acres.com/property-in-noida-ffid","1837","5","2354","0.04","2022-02-15 08:00","desktop"
"https://www.99acres.com/property-for-rent-in-noida-ffid","2036","4","2307","0.22","2022-02-15 08:00","desktop"
"https://www.99acres.com/commercial-property-in-noida-ffid","1821","no data","2632","0.06","2022-02-15 08:00","desktop"
"https://www.99acres.com/property-in-noida-ffid","1837","5","2354","0.04","2022-02-15 08:00","desktop"
"https://www.99acres.com/property-in-noida-ffid","1837","5","2354","0.04","2022-02-15 10:01","desktop"
"https://www.99acres.com/property-for-rent-in-noida-ffid","2036","4","2307","0.22","2022-02-15 10:01","desktop"
"https://www.99acres.com/commercial-property-in-noida-ffid","1821","no data","2632","0.06","2022-02-15 10:01","desktop"
"https://www.99acres.com/property-in-noida-ffid","1837","5","2354","0.04","2022-02-15 10:01","desktop"
"https://www.99acres.com","1808","4","2618","0.13","2022-02-15 08:00","desktop"
"https://www.99acres.com","1808","4","2618","0.13","2022-02-15 10:01","desktop"
"https://www.99acres.com/property-in-noida-ffid","1837","5","2355","0.04","2022-02-15 12:01","desktop"
"https://www.99acres.com/property-for-rent-in-noida-ffid","2036","4","2298","0.22","2022-02-15 12:01","desktop"
"https://www.99acres.com/commercial-property-in-noida-ffid","1821","no data","2542","0.06","2022-02-15 12:01","desktop"
"https://www.99acres.com/property-in-noida-ffid","1837","5","2355","0.04","2022-02-15 12:01","desktop"
"https://www.99acres.com","1806","4","2614","0.13","2022-02-15 12:01","desktop"
"https://www.99acres.com","1806","4","2614","0.13","2022-02-15 15:00","desktop"
"https://www.99acres.com/property-in-noida-ffid","1837","5","2355","0.04","2022-02-15 15:00","desktop"
"https://www.99acres.com/property-for-rent-in-noida-ffid","2036","4","2298","0.22","2022-02-15 15:00","desktop"
"https://www.99acres.com/commercial-property-in-noida-ffid","1821","no data","2542","0.06","2022-02-15 15:00","desktop"
"https://www.99acres.com/property-in-noida-ffid","1837","5","2355","0.04","2022-02-15 15:00","desktop"
"https://www.99acres.com/property-in-noida-ffid","1837","5","2355","0.04","2022-02-15 18:00","desktop"
"https://www.99acres.com/property-for-rent-in-noida-ffid","2036","4","2298","0.22","2022-02-15 18:00","desktop"
"https://www.99acres.com/commercial-property-in-noida-ffid","1821","no data","2542","0.06","2022-02-15 18:00","desktop"
"https://www.99acres.com/property-in-noida-ffid","1837","5","2355","0.04","2022-02-15 18:00","desktop"
"https://www.99acres.com","1806","4","2614","0.13","2022-02-15 18:00","desktop"
"https://www.99acres.com/property-in-noida-ffid","1837","5","2355","0.04","2022-02-15 20:00","desktop"
"https://www.99acres.com/property-for-rent-in-noida-ffid","2036","4","2298","0.22","2022-02-15 20:00","desktop"
"https://www.99acres.com/commercial-property-in-noida-ffid","1821","no data","2542","0.06","2022-02-15 20:00","desktop"
"https://www.99acres.com/property-in-noida-ffid","1837","5","2355","0.04","2022-02-15 20:00","desktop"
"https://www.99acres.com/property-in-noida-ffid","1837","5","2355","0.04","2022-02-15 22:00","desktop"
"https://www.99acres.com/property-for-rent-in-noida-ffid","2036","4","2298","0.22","2022-02-15 22:00","desktop"
"https://www.99acres.com/commercial-property-in-noida-ffid","1821","no data","2542","0.06","2022-02-15 22:00","desktop"
"https://www.99acres.com/property-in-noida-ffid","1837","5","2355","0.04","2022-02-15 22:00","desktop"
"https://www.99acres.com","1806","4","2614","0.13","2022-02-15 22:00","desktop"
"https://www.99acres.com","1806","4","2614","0.13","2022-02-15 20:00","desktop"
"https://www.99acres.com/property-in-noida-ffid","1837","5","2355","0.04","2022-02-16 08:06","desktop"
"https://www.99acres.com/property-for-rent-in-noida-ffid","2036","4","2298","0.22","2022-02-16 08:06","desktop"
"https://www.99acres.com/commercial-property-in-noida-ffid","1821","no data","2542","0.06","2022-02-16 08:06","desktop"
"https://www.99acres.com/property-in-noida-ffid","1837","5","2355","0.04","2022-02-16 08:06","desktop"
"https://www.99acres.com","1806","4","2614","0.13","2022-02-16 08:06","desktop"
"https://www.99acres.com/property-in-noida-ffid","1837","5","2355","0.04","2022-02-16 10:00","desktop"
"https://www.99acres.com/property-for-rent-in-noida-ffid","2036","4","2298","0.22","2022-02-16 10:00","desktop"
"https://www.99acres.com/commercial-property-in-noida-ffid","1821","no data","2542","0.06","2022-02-16 10:00","desktop"
"https://www.99acres.com/property-in-noida-ffid","1837","5","2355","0.04","2022-02-16 10:00","desktop"
"https://www.99acres.com","1806","4","2614","0.13","2022-02-16 10:00","desktop"
"https://www.99acres.com/property-in-noida-ffid","1837","5","2355","0.04","2022-02-16 12:00","desktop"
"https://www.99acres.com/property-for-rent-in-noida-ffid","2036","4","2298","0.22","2022-02-16 12:00","desktop"
"https://www.99acres.com/commercial-property-in-noida-ffid","1821","no data","2542","0.06","2022-02-16 12:00","desktop"
"https://www.99acres.com/property-in-noida-ffid","1837","5","2355","0.04","2022-02-16 12:00","desktop"
"https://www.99acres.com","1806","4","2614","0.13","2022-02-16 12:00","desktop"
"https://www.99acres.com","1806","4","2614","0.13","2022-02-16 15:00","desktop"
"https://www.99acres.com/property-in-noida-ffid","1837","5","2355","0.04","2022-02-16 15:00","desktop"
"https://www.99acres.com/property-for-rent-in-noida-ffid","2036","4","2298","0.22","2022-02-16 15:00","desktop"
"https://www.99acres.com/commercial-property-in-noida-ffid","1821","no data","2542","0.06","2022-02-16 15:00","desktop"
"https://www.99acres.com/property-in-noida-ffid","1837","5","2355","0.04","2022-02-16 15:00","desktop"
"https://www.99acres.com","1804","4","2613","0.12","2022-02-16 22:00","desktop"
"https://www.99acres.com/property-in-noida-ffid","1837","5","2355","0.04","2022-02-16 22:00","desktop"
"https://www.99acres.com/property-for-rent-in-noida-ffid","2050","4","2298","0.22","2022-02-16 22:00","desktop"
"https://www.99acres.com/commercial-property-in-noida-ffid","1821","no data","2450","0.05","2022-02-16 22:00","desktop"
"https://www.99acres.com/property-in-noida-ffid","1837","5","2355","0.04","2022-02-16 22:00","desktop"
"https://www.99acres.com","1804","4","2613","0.12","2022-02-16 18:00","desktop"
"https://www.99acres.com/property-in-noida-ffid","1837","5","2355","0.04","2022-02-17 10:00","desktop"
"https://www.99acres.com/property-for-rent-in-noida-ffid","2050","4","2298","0.22","2022-02-17 10:00","desktop"
"https://www.99acres.com/commercial-property-in-noida-ffid","1821","no data","2450","0.05","2022-02-17 10:00","desktop"
"https://www.99acres.com/property-in-noida-ffid","1837","5","2355","0.04","2022-02-17 10:00","desktop"
"https://www.99acres.com/property-in-noida-ffid","1837","5","2355","0.04","2022-02-17 08:00","desktop"
"https://www.99acres.com/property-for-rent-in-noida-ffid","2050","4","2298","0.22","2022-02-17 08:00","desktop"
"https://www.99acres.com/commercial-property-in-noida-ffid","1821","no data","2450","0.05","2022-02-17 08:00","desktop"
"https://www.99acres.com/property-in-noida-ffid","1837","5","2355","0.04","2022-02-17 08:00","desktop"
"https://www.99acres.com","1804","4","2613","0.12","2022-02-17 08:00","desktop"
"https://www.99acres.com","1804","4","2613","0.12","2022-02-17 10:00","desktop"
"https://www.99acres.com/property-in-noida-ffid","1837","5","2354","0.05","2022-02-17 12:01","desktop"
"https://www.99acres.com/property-for-rent-in-noida-ffid","2101","5","2334","0.22","2022-02-17 12:01","desktop"
"https://www.99acres.com/commercial-property-in-noida-ffid","1821","no data","2450","0.05","2022-02-17 12:01","desktop"
"https://www.99acres.com/property-in-noida-ffid","1837","5","2354","0.05","2022-02-17 12:01","desktop"
"https://www.99acres.com/property-in-noida-ffid","1837","5","2354","0.05","2022-02-17 15:01","desktop"
"https://www.99acres.com/property-for-rent-in-noida-ffid","2101","5","2334","0.22","2022-02-17 15:01","desktop"
"https://www.99acres.com/commercial-property-in-noida-ffid","1821","no data","2450","0.05","2022-02-17 15:01","desktop"
"https://www.99acres.com/property-in-noida-ffid","1837","5","2354","0.05","2022-02-17 15:01","desktop"
"https://www.99acres.com","1808","4","2612","0.12","2022-02-17 12:01","desktop"
"https://www.99acres.com","1808","4","2612","0.12","2022-02-17 15:01","desktop"
"https://www.99acres.com/property-in-noida-ffid","1837","5","2354","0.05","2022-02-17 18:00","desktop"
"https://www.99acres.com/property-for-rent-in-noida-ffid","2101","5","2334","0.22","2022-02-17 18:00","desktop"
"https://www.99acres.com/commercial-property-in-noida-ffid","1821","no data","2450","0.05","2022-02-17 18:00","desktop"
"https://www.99acres.com/property-in-noida-ffid","1837","5","2354","0.05","2022-02-17 18:00","desktop"
"https://www.99acres.com","1808","4","2612","0.12","2022-02-17 18:00","desktop"
"https://www.99acres.com","1808","4","2612","0.12","2022-02-17 20:00","desktop"
"https://www.99acres.com/property-in-noida-ffid","1837","5","2354","0.05","2022-02-17 20:00","desktop"
"https://www.99acres.com/property-for-rent-in-noida-ffid","2101","5","2334","0.22","2022-02-17 20:00","desktop"
"https://www.99acres.com/commercial-property-in-noida-ffid","1821","no data","2450","0.05","2022-02-17 20:00","desktop"
"https://www.99acres.com/property-in-noida-ffid","1837","5","2354","0.05","2022-02-17 20:00","desktop"
"https://www.99acres.com/property-in-noida-ffid","1837","5","2355","0.04","2022-02-16 18:00","desktop"
"https://www.99acres.com/property-for-rent-in-noida-ffid","2050","4","2298","0.22","2022-02-16 18:00","desktop"
"https://www.99acres.com/commercial-property-in-noida-ffid","1821","no data","2450","0.05","2022-02-16 18:00","desktop"
"https://www.99acres.com/property-in-noida-ffid","1837","5","2355","0.04","2022-02-16 18:00","desktop"
"https://www.99acres.com/property-in-noida-ffid","1837","5","2354","0.05","2022-02-17 22:00","desktop"
"https://www.99acres.com/property-for-rent-in-noida-ffid","2101","5","2334","0.22","2022-02-17 22:00","desktop"
"https://www.99acres.com/commercial-property-in-noida-ffid","1821","no data","2450","0.05","2022-02-17 22:00","desktop"
"https://www.99acres.com/property-in-noida-ffid","1837","5","2354","0.05","2022-02-17 22:00","desktop"
"https://www.99acres.com/property-in-noida-ffid","1837","5","2354","0.05","2022-02-18 08:30","desktop"
"https://www.99acres.com/property-for-rent-in-noida-ffid","2101","5","2334","0.22","2022-02-18 08:30","desktop"
"https://www.99acres.com/commercial-property-in-noida-ffid","1821","no data","2450","0.05","2022-02-18 08:30","desktop"
"https://www.99acres.com/property-in-noida-ffid","1837","5","2354","0.05","2022-02-18 08:30","desktop"
"https://www.99acres.com","1808","4","2612","0.12","2022-02-18 08:30","desktop"
"https://www.99acres.com","1808","4","2612","0.12","2022-02-17 22:00","desktop"
"https://www.99acres.com/property-in-noida-ffid","1837","5","2354","0.05","2022-02-18 10:01","desktop"
"https://www.99acres.com/property-for-rent-in-noida-ffid","2101","5","2334","0.22","2022-02-18 10:01","desktop"
"https://www.99acres.com/commercial-property-in-noida-ffid","1821","no data","2450","0.05","2022-02-18 10:01","desktop"
"https://www.99acres.com/property-in-noida-ffid","1837","5","2354","0.05","2022-02-18 10:01","desktop"
"https://www.99acres.com/property-in-noida-ffid","1837","5","2354","0.05","2022-02-18 12:01","desktop"
"https://www.99acres.com/property-for-rent-in-noida-ffid","2101","5","2334","0.22","2022-02-18 12:01","desktop"
"https://www.99acres.com/commercial-property-in-noida-ffid","1821","no data","2450","0.05","2022-02-18 12:01","desktop"
"https://www.99acres.com/property-in-noida-ffid","1837","5","2354","0.05","2022-02-18 12:01","desktop"
"https://www.99acres.com","1808","4","2612","0.12","2022-02-18 10:01","desktop"
"https://www.99acres.com/property-in-noida-ffid","1837","5","2354","0.05","2022-02-18 15:00","desktop"
"https://www.99acres.com/property-for-rent-in-noida-ffid","2101","5","2334","0.22","2022-02-18 15:00","desktop"
"https://www.99acres.com/commercial-property-in-noida-ffid","1821","no data","2450","0.05","2022-02-18 15:00","desktop"
"https://www.99acres.com/property-in-noida-ffid","1837","5","2354","0.05","2022-02-18 15:00","desktop"
"https://www.99acres.com","1808","4","2612","0.12","2022-02-18 12:01","desktop"
"https://www.99acres.com","1808","4","2612","0.12","2022-02-18 15:00","desktop"
"https://www.99acres.com","1808","4","2612","0.12","2022-02-18 18:00","desktop"
"https://www.99acres.com","1808","4","2612","0.12","2022-02-18 20:00","desktop"
"https://www.99acres.com","1808","4","2612","0.12","2022-02-18 22:00","desktop"
"https://www.99acres.com/property-in-noida-ffid","1837","5","2354","0.05","2022-02-18 22:00","desktop"
"https://www.99acres.com/property-for-rent-in-noida-ffid","2101","5","2334","0.22","2022-02-18 22:00","desktop"
"https://www.99acres.com/commercial-property-in-noida-ffid","1821","no data","2450","0.05","2022-02-18 22:00","desktop"
"https://www.99acres.com/property-in-noida-ffid","1837","5","2354","0.05","2022-02-18 22:00","desktop"
"https://www.99acres.com/property-in-noida-ffid","1837","5","2354","0.05","2022-02-18 18:00","desktop"
"https://www.99acres.com/property-for-rent-in-noida-ffid","2101","5","2334","0.22","2022-02-18 18:00","desktop"
"https://www.99acres.com/commercial-property-in-noida-ffid","1821","no data","2450","0.05","2022-02-18 18:00","desktop"
"https://www.99acres.com/property-in-noida-ffid","1837","5","2354","0.05","2022-02-18 18:00","desktop"
"https://www.99acres.com/property-in-noida-ffid","1837","5","2354","0.05","2022-02-18 20:00","desktop"
"https://www.99acres.com/property-for-rent-in-noida-ffid","2101","5","2334","0.22","2022-02-18 20:00","desktop"
"https://www.99acres.com/commercial-property-in-noida-ffid","1821","no data","2450","0.05","2022-02-18 20:00","desktop"
"https://www.99acres.com/property-in-noida-ffid","1837","5","2354","0.05","2022-02-18 20:00","desktop"
"https://www.99acres.com","1810","4","2609","0.11","2022-02-19 06:21","desktop"
"https://www.99acres.com","1810","4","2609","0.11","2022-02-19 08:00","desktop"
"https://www.99acres.com/property-in-noida-ffid","1811","5","2318","0.05","2022-02-19 08:00","desktop"
"https://www.99acres.com/property-for-rent-in-noida-ffid","2109","6","2373","0.22","2022-02-19 08:00","desktop"
"https://www.99acres.com/commercial-property-in-noida-ffid","1824","no data","no data","NaN","2022-02-19 08:00","desktop"
"https://www.99acres.com/property-in-noida-ffid","1811","5","2318","0.05","2022-02-19 06:21","desktop"
"https://www.99acres.com/property-for-rent-in-noida-ffid","2109","6","2373","0.22","2022-02-19 06:21","desktop"
"https://www.99acres.com/commercial-property-in-noida-ffid","1824","no data","no data","NaN","2022-02-19 06:21","desktop"
"https://www.99acres.com/property-in-noida-ffid","1811","5","2318","0.05","2022-02-19 06:21","desktop"
"https://www.99acres.com/property-in-noida-ffid","1811","5","2318","0.05","2022-02-19 10:00","desktop"
"https://www.99acres.com/property-for-rent-in-noida-ffid","2109","6","2373","0.22","2022-02-19 10:00","desktop"
"https://www.99acres.com/commercial-property-in-noida-ffid","1824","no data","no data","NaN","2022-02-19 10:00","desktop"
"https://www.99acres.com/property-in-noida-ffid","1811","5","2318","0.05","2022-02-19 10:00","desktop"
"https://www.99acres.com","1814","4","2609","0.11","2022-02-19 12:01","desktop"
"https://www.99acres.com","1810","4","2609","0.11","2022-02-19 10:00","desktop"
"https://www.99acres.com","1814","4","2609","0.11","2022-02-19 15:00","desktop"
"https://www.99acres.com/property-in-noida-ffid","1817","5","2318","0.05","2022-02-19 12:01","desktop"
"https://www.99acres.com/property-for-rent-in-noida-ffid","2138","6","2396","0.21","2022-02-19 12:01","desktop"
"https://www.99acres.com/commercial-property-in-noida-ffid","1821","no data","2450","0.05","2022-02-19 12:01","desktop"
"https://www.99acres.com/property-in-noida-ffid","1817","5","2318","0.05","2022-02-19 12:01","desktop"
"https://www.99acres.com/property-for-rent-in-noida-ffid","2138","6","2396","0.21","2022-02-19 15:00","desktop"
"https://www.99acres.com/commercial-property-in-noida-ffid","1821","no data","2450","0.05","2022-02-19 15:00","desktop"
"https://www.99acres.com/property-in-noida-ffid","1817","5","2318","0.05","2022-02-19 15:00","desktop"
"https://www.99acres.com","1814","4","2609","0.11","2022-02-19 18:01","desktop"
"https://www.99acres.com","1814","4","2609","0.11","2022-02-19 20:00","desktop"
"https://www.99acres.com/property-for-rent-in-noida-ffid","2138","6","2396","0.21","2022-02-19 18:01","desktop"
"https://www.99acres.com/commercial-property-in-noida-ffid","1821","no data","2450","0.05","2022-02-19 18:01","desktop"
"https://www.99acres.com/property-in-noida-ffid","1817","5","2318","0.05","2022-02-19 18:01","desktop"
"https://www.99acres.com/property-in-noida-ffid","1817","5","2318","0.05","2022-02-19 20:00","desktop"
"https://www.99acres.com/property-for-rent-in-noida-ffid","2138","6","2396","0.21","2022-02-19 20:00","desktop"
"https://www.99acres.com/commercial-property-in-noida-ffid","1821","no data","2450","0.05","2022-02-19 20:00","desktop"
"https://www.99acres.com/property-in-noida-ffid","1817","5","2318","0.05","2022-02-19 20:00","desktop"
"https://www.99acres.com/property-in-noida-ffid","1817","5","2318","0.05","2022-02-19 22:01","desktop"
"https://www.99acres.com/property-for-rent-in-noida-ffid","2138","6","2396","0.21","2022-02-19 22:01","desktop"
"https://www.99acres.com/commercial-property-in-noida-ffid","1821","no data","2450","0.05","2022-02-19 22:01","desktop"
"https://www.99acres.com/property-in-noida-ffid","1817","5","2318","0.05","2022-02-19 22:01","desktop"
"https://www.99acres.com","1814","4","2609","0.11","2022-02-20 08:00","desktop"
"https://www.99acres.com/property-in-noida-ffid","1817","5","2318","0.05","2022-02-20 08:00","desktop"
"https://www.99acres.com/property-for-rent-in-noida-ffid","2138","6","2396","0.21","2022-02-20 08:00","desktop"
"https://www.99acres.com/commercial-property-in-noida-ffid","1821","no data","2450","0.05","2022-02-20 08:00","desktop"
"https://www.99acres.com/property-in-noida-ffid","1817","5","2318","0.05","2022-02-20 08:00","desktop"
"https://www.99acres.com/property-in-noida-ffid","1817","5","2318","0.05","2022-02-20 10:00","desktop"
"https://www.99acres.com/property-for-rent-in-noida-ffid","2138","6","2396","0.21","2022-02-20 10:00","desktop"
"https://www.99acres.com/commercial-property-in-noida-ffid","1821","no data","2450","0.05","2022-02-20 10:00","desktop"
"https://www.99acres.com/property-in-noida-ffid","1817","5","2318","0.05","2022-02-20 10:00","desktop"
"https://www.99acres.com","1814","4","2609","0.11","2022-02-19 22:01","desktop"
"https://www.99acres.com","1814","4","2609","0.11","2022-02-20 10:00","desktop"
"https://www.99acres.com","1814","4","2609","0.11","2022-02-20 12:00","desktop"
"https://www.99acres.com","1814","4","2609","0.11","2022-02-20 15:00","desktop"
"https://www.99acres.com/property-in-noida-ffid","1817","5","2318","0.05","2022-02-20 12:00","desktop"
"https://www.99acres.com/property-for-rent-in-noida-ffid","2138","6","2396","0.21","2022-02-20 12:00","desktop"
"https://www.99acres.com/commercial-property-in-noida-ffid","1821","no data","2450","0.05","2022-02-20 12:00","desktop"
"https://www.99acres.com/property-in-noida-ffid","1817","5","2318","0.05","2022-02-20 12:00","desktop"
"https://www.99acres.com/property-in-noida-ffid","1817","5","2318","0.05","2022-02-20 15:00","desktop"
"https://www.99acres.com/property-for-rent-in-noida-ffid","2138","6","2396","0.21","2022-02-20 15:00","desktop"
"https://www.99acres.com/commercial-property-in-noida-ffid","1821","no data","2450","0.05","2022-02-20 15:00","desktop"
"https://www.99acres.com/property-in-noida-ffid","1817","5","2318","0.05","2022-02-20 15:00","desktop"
"https://www.99acres.com/property-in-noida-ffid","1817","5","2318","0.05","2022-02-20 18:00","desktop"
"https://www.99acres.com/property-for-rent-in-noida-ffid","2138","6","2396","0.21","2022-02-20 18:00","desktop"
"https://www.99acres.com/commercial-property-in-noida-ffid","1821","no data","2450","0.05","2022-02-20 18:00","desktop"
"https://www.99acres.com/property-in-noida-ffid","1817","5","2318","0.05","2022-02-20 18:00","desktop"
"https://www.99acres.com","1814","4","2609","0.11","2022-02-20 20:00","desktop"
"https://www.99acres.com","1814","4","2609","0.11","2022-02-20 18:00","desktop"
"https://www.99acres.com/property-in-noida-ffid","1817","5","2318","0.05","2022-02-20 20:00","desktop"
"https://www.99acres.com/property-for-rent-in-noida-ffid","2138","6","2396","0.21","2022-02-20 20:00","desktop"
"https://www.99acres.com/commercial-property-in-noida-ffid","1821","no data","2450","0.05","2022-02-20 20:00","desktop"
"https://www.99acres.com/property-in-noida-ffid","1817","5","2318","0.05","2022-02-20 20:00","desktop"
"https://www.99acres.com/property-in-noida-ffid","1817","5","2318","0.05","2022-02-20 22:00","desktop"
"https://www.99acres.com/property-for-rent-in-noida-ffid","2138","6","2396","0.21","2022-02-20 22:00","desktop"
"https://www.99acres.com/commercial-property-in-noida-ffid","1821","no data","2450","0.05","2022-02-20 22:00","desktop"
"https://www.99acres.com/property-in-noida-ffid","1817","5","2318","0.05","2022-02-20 22:00","desktop"
"https://www.99acres.com","1814","4","2609","0.11","2022-02-20 22:00","desktop"
"https://www.99acres.com/property-in-noida-ffid","1961","6","2521","0.05","2022-02-21 10:00","desktop"
"https://www.99acres.com/property-for-rent-in-noida-ffid","2261","7","2546","0.22","2022-02-21 10:00","desktop"
"https://www.99acres.com/commercial-property-in-noida-ffid","1779","no data","2398","0.04","2022-02-21 10:00","desktop"
"https://www.99acres.com/property-in-noida-ffid","1961","6","2521","0.05","2022-02-21 10:00","desktop"
"https://www.99acres.com","1817","4","2606","0.11","2022-02-21 08:51","desktop"
"https://www.99acres.com/property-in-noida-ffid","1961","6","2521","0.05","2022-02-21 12:00","desktop"
"https://www.99acres.com/property-for-rent-in-noida-ffid","2261","7","2546","0.22","2022-02-21 12:00","desktop"
"https://www.99acres.com/commercial-property-in-noida-ffid","1779","no data","2398","0.04","2022-02-21 12:00","desktop"
"https://www.99acres.com/property-in-noida-ffid","1961","6","2521","0.05","2022-02-21 12:00","desktop"
"https://www.99acres.com","1817","4","2606","0.11","2022-02-21 10:00","desktop"
"https://www.99acres.com/property-in-noida-ffid","1961","6","2521","0.05","2022-02-21 08:51","desktop"
"https://www.99acres.com/property-for-rent-in-noida-ffid","2261","7","2546","0.22","2022-02-21 08:51","desktop"
"https://www.99acres.com/commercial-property-in-noida-ffid","1779","no data","2398","0.04","2022-02-21 08:51","desktop"
"https://www.99acres.com/property-in-noida-ffid","1961","6","2521","0.05","2022-02-21 08:51","desktop"
"https://www.99acres.com/property-in-noida-ffid","1961","6","2521","0.05","2022-02-21 15:00","desktop"
"https://www.99acres.com/property-for-rent-in-noida-ffid","2261","7","2546","0.22","2022-02-21 15:00","desktop"
"https://www.99acres.com/commercial-property-in-noida-ffid","1779","no data","2398","0.04","2022-02-21 15:00","desktop"
"https://www.99acres.com/property-in-noida-ffid","1961","6","2521","0.05","2022-02-21 15:00","desktop"
"https://www.99acres.com","1817","4","2606","0.11","2022-02-21 12:00","desktop"
"https://www.99acres.com","1817","4","2606","0.11","2022-02-21 15:00","desktop"
"https://www.99acres.com","1817","4","2606","0.11","2022-02-21 20:00","desktop"
"https://www.99acres.com/property-in-noida-ffid","1961","6","2521","0.05","2022-02-22 08:00","desktop"
"https://www.99acres.com/property-for-rent-in-noida-ffid","2261","7","2546","0.22","2022-02-22 08:00","desktop"
"https://www.99acres.com/commercial-property-in-noida-ffid","1779","no data","2398","0.04","2022-02-22 08:00","desktop"
"https://www.99acres.com/property-in-noida-ffid","1961","6","2521","0.05","2022-02-22 08:00","desktop"
"https://www.99acres.com/property-in-noida-ffid","1961","6","2521","0.05","2022-02-21 20:00","desktop"
"https://www.99acres.com/property-for-rent-in-noida-ffid","2261","7","2546","0.22","2022-02-21 20:00","desktop"
"https://www.99acres.com/commercial-property-in-noida-ffid","1779","no data","2398","0.04","2022-02-21 20:00","desktop"
"https://www.99acres.com/property-in-noida-ffid","1961","6","2521","0.05","2022-02-21 20:00","desktop"
"https://www.99acres.com/property-in-noida-ffid","1961","6","2521","0.05","2022-02-21 22:00","desktop"
"https://www.99acres.com/property-for-rent-in-noida-ffid","2261","7","2546","0.22","2022-02-21 22:00","desktop"
"https://www.99acres.com/commercial-property-in-noida-ffid","1779","no data","2398","0.04","2022-02-21 22:00","desktop"
"https://www.99acres.com/property-in-noida-ffid","1961","6","2521","0.05","2022-02-21 22:00","desktop"
"https://www.99acres.com","1817","4","2606","0.11","2022-02-22 08:00","desktop"
"https://www.99acres.com","1817","4","2606","0.11","2022-02-21 22:00","desktop"
"https://www.99acres.com/property-in-noida-ffid","1961","6","2521","0.05","2022-02-22 10:00","desktop"
"https://www.99acres.com/property-for-rent-in-noida-ffid","2261","7","2546","0.22","2022-02-22 10:00","desktop"
"https://www.99acres.com/commercial-property-in-noida-ffid","1779","no data","2398","0.04","2022-02-22 10:00","desktop"
"https://www.99acres.com/property-in-noida-ffid","1961","6","2521","0.05","2022-02-22 10:00","desktop"
"https://www.99acres.com/property-in-noida-ffid","1961","6","2521","0.05","2022-02-22 12:00","desktop"
"https://www.99acres.com/property-for-rent-in-noida-ffid","2261","7","2546","0.22","2022-02-22 12:00","desktop"
"https://www.99acres.com/commercial-property-in-noida-ffid","1779","no data","2398","0.04","2022-02-22 12:00","desktop"
"https://www.99acres.com/property-in-noida-ffid","1961","6","2521","0.05","2022-02-22 12:00","desktop"
"https://www.99acres.com","1817","4","2606","0.11","2022-02-22 10:00","desktop"
"https://www.99acres.com","1817","4","2606","0.11","2022-02-22 12:00","desktop"
"https://www.99acres.com","1817","4","2606","0.11","2022-02-22 15:00","desktop"
"https://www.99acres.com/property-in-noida-ffid","1961","6","2521","0.05","2022-02-22 18:00","desktop"
"https://www.99acres.com/property-for-rent-in-noida-ffid","2261","7","2546","0.22","2022-02-22 18:00","desktop"
"https://www.99acres.com/commercial-property-in-noida-ffid","1779","no data","2398","0.04","2022-02-22 18:00","desktop"
"https://www.99acres.com/property-in-noida-ffid","1961","6","2521","0.05","2022-02-22 18:00","desktop"
"https://www.99acres.com/property-in-noida-ffid","1961","6","2521","0.05","2022-02-22 15:00","desktop"
"https://www.99acres.com/property-for-rent-in-noida-ffid","2261","7","2546","0.22","2022-02-22 15:00","desktop"
"https://www.99acres.com/commercial-property-in-noida-ffid","1779","no data","2398","0.04","2022-02-22 15:00","desktop"
"https://www.99acres.com/property-in-noida-ffid","1961","6","2521","0.05","2022-02-22 15:00","desktop"
"https://www.99acres.com","1817","4","2606","0.11","2022-02-22 18:00","desktop"
"https://www.99acres.com","1817","4","2606","0.11","2022-02-22 20:00","desktop"
"https://www.99acres.com/property-in-noida-ffid","1961","6","2521","0.05","2022-02-22 20:00","desktop"
"https://www.99acres.com/property-for-rent-in-noida-ffid","2261","7","2546","0.22","2022-02-22 20:00","desktop"
"https://www.99acres.com/commercial-property-in-noida-ffid","1779","no data","2398","0.04","2022-02-22 20:00","desktop"
"https://www.99acres.com/property-in-noida-ffid","1961","6","2521","0.05","2022-02-22 20:00","desktop"
"https://www.99acres.com/property-in-noida-ffid","1989","6","2545","0.05","2022-02-23 08:23","desktop"
"https://www.99acres.com/property-for-rent-in-noida-ffid","2261","7","2637","0.21","2022-02-23 08:23","desktop"
"https://www.99acres.com/commercial-property-in-noida-ffid","1821","no data","2542","0.05","2022-02-23 08:23","desktop"
"https://www.99acres.com/property-in-noida-ffid","1989","6","2545","0.05","2022-02-23 08:23","desktop"
"https://www.99acres.com/property-in-noida-ffid","1961","6","2521","0.05","2022-02-22 22:00","desktop"
"https://www.99acres.com/property-for-rent-in-noida-ffid","2261","7","2546","0.22","2022-02-22 22:00","desktop"
"https://www.99acres.com/commercial-property-in-noida-ffid","1779","no data","2398","0.04","2022-02-22 22:00","desktop"
"https://www.99acres.com/property-in-noida-ffid","1961","6","2521","0.05","2022-02-22 22:00","desktop"
"https://www.99acres.com","1817","4","2606","0.11","2022-02-22 22:00","desktop"
"https://www.99acres.com","1821","4","2606","0.1","2022-02-23 10:00","desktop"
"https://www.99acres.com","1821","4","2606","0.1","2022-02-23 08:23","desktop"
"https://www.99acres.com/property-in-noida-ffid","1989","6","2545","0.05","2022-02-23 10:00","desktop"
"https://www.99acres.com/property-for-rent-in-noida-ffid","2261","7","2637","0.21","2022-02-23 10:00","desktop"
"https://www.99acres.com/commercial-property-in-noida-ffid","1821","no data","2542","0.05","2022-02-23 10:00","desktop"
"https://www.99acres.com/property-in-noida-ffid","1989","6","2545","0.05","2022-02-23 10:00","desktop"
"https://www.99acres.com/property-in-noida-ffid","1989","6","2545","0.05","2022-02-23 12:00","desktop"
"https://www.99acres.com/property-for-rent-in-noida-ffid","2261","7","2637","0.21","2022-02-23 12:00","desktop"
"https://www.99acres.com/commercial-property-in-noida-ffid","1821","no data","2542","0.05","2022-02-23 12:00","desktop"
"https://www.99acres.com","1821","4","2606","0.1","2022-02-23 12:00","desktop"
"https://www.99acres.com/property-in-noida-ffid","2037","6","2609","0.05","2022-02-23 15:00","desktop"
"https://www.99acres.com/property-for-rent-in-noida-ffid","2285","7","2637","0.21","2022-02-23 15:00","desktop"
"https://www.99acres.com/commercial-property-in-noida-ffid","1824","no data","2542","0.06","2022-02-23 15:00","desktop"
"https://www.99acres.com/property-in-noida-ffid","2037","6","2609","0.05","2022-02-23 15:00","desktop"
"https://www.99acres.com","1822","4","2605","0.1","2022-02-23 15:00","desktop"
"https://www.99acres.com","1822","4","2605","0.1","2022-02-23 18:00","desktop"
"https://www.99acres.com/property-in-noida-ffid","2037","6","2609","0.05","2022-02-23 18:00","desktop"
"https://www.99acres.com/property-for-rent-in-noida-ffid","2285","7","2637","0.21","2022-02-23 18:00","desktop"
"https://www.99acres.com/commercial-property-in-noida-ffid","1824","no data","2542","0.06","2022-02-23 18:00","desktop"
"https://www.99acres.com/property-in-noida-ffid","2037","6","2609","0.05","2022-02-23 18:00","desktop"
"https://www.99acres.com","1822","4","2605","0.1","2022-02-23 22:00","desktop"
"https://www.99acres.com/property-in-noida-ffid","2037","6","2609","0.05","2022-02-23 22:00","desktop"
"https://www.99acres.com/property-for-rent-in-noida-ffid","2285","7","2637","0.21","2022-02-23 22:00","desktop"
"https://www.99acres.com/commercial-property-in-noida-ffid","1824","no data","2542","0.06","2022-02-23 22:00","desktop"
"https://www.99acres.com/property-in-noida-ffid","2037","6","2609","0.05","2022-02-23 22:00","desktop"
"https://www.99acres.com/property-in-noida-ffid","2037","6","2609","0.05","2022-02-24 08:23","desktop"
"https://www.99acres.com/property-for-rent-in-noida-ffid","2285","7","2637","0.21","2022-02-24 08:23","desktop"
"https://www.99acres.com/commercial-property-in-noida-ffid","1824","no data","2542","0.06","2022-02-24 08:23","desktop"
"https://www.99acres.com/property-in-noida-ffid","2037","6","2609","0.05","2022-02-24 08:23","desktop"
"https://www.99acres.com/property-in-noida-ffid","2037","6","2609","0.05","2022-02-24 10:01","desktop"
"https://www.99acres.com/property-for-rent-in-noida-ffid","2285","7","2637","0.21","2022-02-24 10:01","desktop"
"https://www.99acres.com/commercial-property-in-noida-ffid","1824","no data","2542","0.06","2022-02-24 10:01","desktop"
"https://www.99acres.com/property-in-noida-ffid","2037","6","2609","0.05","2022-02-24 10:01","desktop"
"https://www.99acres.com","1822","4","2605","0.1","2022-02-24 12:01","desktop"
"https://www.99acres.com/property-in-noida-ffid","2037","6","2609","0.05","2022-02-24 12:01","desktop"
"https://www.99acres.com/property-for-rent-in-noida-ffid","2285","7","2637","0.21","2022-02-24 12:01","desktop"
"https://www.99acres.com/commercial-property-in-noida-ffid","1824","no data","2542","0.06","2022-02-24 12:01","desktop"
"https://www.99acres.com/property-in-noida-ffid","2037","6","2609","0.05","2022-02-24 12:01","desktop"
"https://www.99acres.com","1822","4","2605","0.1","2022-02-24 10:01","desktop"
"https://www.99acres.com","1822","4","2605","0.1","2022-02-24 08:23","desktop"
"https://www.99acres.com","1822","4","2605","0.1","2022-02-24 13:49","desktop"
"https://www.99acres.com/property-in-noida-ffid","2037","6","2609","0.05","2022-02-24 13:49","desktop"
"https://www.99acres.com/property-for-rent-in-noida-ffid","2285","7","2637","0.21","2022-02-24 13:49","desktop"
"https://www.99acres.com/commercial-property-in-noida-ffid","1824","no data","2542","0.06","2022-02-24 13:49","desktop"
"https://www.99acres.com/property-in-noida-ffid","2010","6","2572","0.05","2022-02-24 15:00","desktop"
"https://www.99acres.com/property-for-rent-in-noida-ffid","2285","7","2637","0.21","2022-02-24 15:00","desktop"
"https://www.99acres.com/commercial-property-in-noida-ffid","1824","no data","2632","0.06","2022-02-24 15:00","desktop"
"https://www.99acres.com/property-in-noida-ffid","2010","6","2572","0.05","2022-02-24 15:00","desktop"
"https://www.99acres.com","1825","4","2602","0.1","2022-02-24 15:00","desktop"
"https://www.99acres.com/property-in-noida-ffid","2010","6","2572","0.05","2022-02-24 18:01","desktop"
"https://www.99acres.com/property-for-rent-in-noida-ffid","2285","7","2637","0.21","2022-02-24 18:01","desktop"
"https://www.99acres.com/commercial-property-in-noida-ffid","1824","no data","2632","0.06","2022-02-24 18:01","desktop"
"https://www.99acres.com/property-in-noida-ffid","2010","6","2572","0.05","2022-02-24 18:01","desktop"
"https://www.99acres.com","1825","4","2602","0.1","2022-02-24 18:01","desktop"
"https://www.99acres.com/property-in-noida-ffid","2010","6","2572","0.05","2022-02-24 20:00","desktop"
"https://www.99acres.com/property-for-rent-in-noida-ffid","2285","7","2637","0.21","2022-02-24 20:00","desktop"
"https://www.99acres.com/commercial-property-in-noida-ffid","1824","no data","2632","0.06","2022-02-24 20:00","desktop"
"https://www.99acres.com/property-in-noida-ffid","2010","6","2572","0.05","2022-02-24 20:00","desktop"
"https://www.99acres.com","1825","4","2602","0.1","2022-02-24 20:00","desktop"
"https://www.99acres.com/property-in-noida-ffid","2010","6","2572","0.05","2022-02-24 22:01","desktop"
"https://www.99acres.com/property-for-rent-in-noida-ffid","2285","7","2637","0.21","2022-02-24 22:01","desktop"
"https://www.99acres.com/commercial-property-in-noida-ffid","1824","no data","2632","0.06","2022-02-24 22:01","desktop"
"https://www.99acres.com/property-in-noida-ffid","2010","6","2572","0.05","2022-02-24 22:01","desktop"
"https://www.99acres.com","1825","4","2602","0.1","2022-02-24 22:01","desktop"
"https://www.99acres.com/property-in-noida-ffid","2010","6","2572","0.05","2022-02-24 23:02","desktop"
"https://www.99acres.com/property-for-rent-in-noida-ffid","2285","7","2637","0.21","2022-02-24 23:02","desktop"
"https://www.99acres.com/commercial-property-in-noida-ffid","1824","no data","2632","0.06","2022-02-24 23:02","desktop"
"https://www.99acres.com","1825","4","2602","0.1","2022-02-24 23:02","desktop"
"https://www.99acres.com","1825","4","2602","0.1","2022-02-25 08:00","desktop"
"https://www.99acres.com/property-in-noida-ffid","2010","6","2572","0.05","2022-02-25 08:00","desktop"
"https://www.99acres.com/property-for-rent-in-noida-ffid","2285","7","2637","0.21","2022-02-25 08:00","desktop"
"https://www.99acres.com/commercial-property-in-noida-ffid","1824","no data","2632","0.06","2022-02-25 08:00","desktop"
"https://www.99acres.com/property-in-noida-ffid","2010","6","2572","0.05","2022-02-25 08:00","desktop"
"https://www.99acres.com/property-in-noida-ffid","2079","6","2698","0.05","2022-02-25 10:00","desktop"
"https://www.99acres.com/property-for-rent-in-noida-ffid","2285","6","2661","0.2","2022-02-25 10:00","desktop"
"https://www.99acres.com/commercial-property-in-noida-ffid","1785","no data","2501","0.06","2022-02-25 10:00","desktop"
"https://www.99acres.com/property-in-noida-ffid","2079","6","2698","0.05","2022-02-25 10:00","desktop"
"https://www.99acres.com","1827","4","2602","0.09","2022-02-25 10:00","desktop"
"https://www.99acres.com/property-in-noida-ffid","2079","6","2698","0.05","2022-02-25 12:00","desktop"
"https://www.99acres.com/property-for-rent-in-noida-ffid","2285","6","2661","0.2","2022-02-25 12:00","desktop"
"https://www.99acres.com/commercial-property-in-noida-ffid","1785","no data","2501","0.06","2022-02-25 12:00","desktop"
"https://www.99acres.com/property-in-noida-ffid","2079","6","2698","0.05","2022-02-25 12:00","desktop"
"https://www.99acres.com","1827","4","2602","0.09","2022-02-25 12:00","desktop"
"https://www.99acres.com/property-in-noida-ffid","2079","6","2698","0.05","2022-02-25 15:00","desktop"
"https://www.99acres.com/property-for-rent-in-noida-ffid","2285","6","2661","0.2","2022-02-25 15:00","desktop"
"https://www.99acres.com/commercial-property-in-noida-ffid","1785","no data","2501","0.06","2022-02-25 15:00","desktop"
"https://www.99acres.com/property-in-noida-ffid","2079","6","2698","0.05","2022-02-25 15:00","desktop"
"https://www.99acres.com/property-in-noida-ffid","2079","6","2698","0.05","2022-02-25 18:00","desktop"
"https://www.99acres.com/property-for-rent-in-noida-ffid","2285","6","2661","0.2","2022-02-25 18:00","desktop"
"https://www.99acres.com/commercial-property-in-noida-ffid","1785","no data","2501","0.06","2022-02-25 18:00","desktop"
"https://www.99acres.com/property-in-noida-ffid","2079","6","2698","0.05","2022-02-25 18:00","desktop"
"https://www.99acres.com","1827","4","2602","0.09","2022-02-25 15:00","desktop"
"https://www.99acres.com/property-in-noida-ffid","2079","6","2698","0.05","2022-02-25 20:00","desktop"
"https://www.99acres.com/property-for-rent-in-noida-ffid","2285","6","2661","0.2","2022-02-25 20:00","desktop"
"https://www.99acres.com/commercial-property-in-noida-ffid","1785","no data","2501","0.06","2022-02-25 20:00","desktop"
"https://www.99acres.com/property-in-noida-ffid","2079","6","2698","0.05","2022-02-25 20:00","desktop"
"https://www.99acres.com","1827","4","2602","0.09","2022-02-25 18:00","desktop"
"https://www.99acres.com","1827","4","2602","0.09","2022-02-25 22:00","desktop"
"https://www.99acres.com","1827","4","2602","0.09","2022-02-25 20:00","desktop"
"https://www.99acres.com/property-in-noida-ffid","2079","6","2698","0.05","2022-02-25 22:00","desktop"
"https://www.99acres.com/property-for-rent-in-noida-ffid","2285","6","2661","0.2","2022-02-25 22:00","desktop"
"https://www.99acres.com/commercial-property-in-noida-ffid","1785","no data","2501","0.06","2022-02-25 22:00","desktop"
"https://www.99acres.com/property-in-noida-ffid","2079","6","2698","0.05","2022-02-25 22:00","desktop"
"https://www.99acres.com","1827","4","2602","0.09","2022-02-26 06:55","desktop"
"https://www.99acres.com/property-in-noida-ffid","2079","6","2698","0.05","2022-02-26 06:55","desktop"
"https://www.99acres.com/property-for-rent-in-noida-ffid","2285","6","2661","0.2","2022-02-26 06:55","desktop"
"https://www.99acres.com/commercial-property-in-noida-ffid","1785","no data","2501","0.06","2022-02-26 06:55","desktop"
"https://www.99acres.com/property-in-noida-ffid","2079","6","2698","0.05","2022-02-26 06:55","desktop"
"https://www.99acres.com/property-in-noida-ffid","2079","6","2698","0.05","2022-02-26 08:00","desktop"
"https://www.99acres.com/property-for-rent-in-noida-ffid","2285","6","2661","0.2","2022-02-26 08:00","desktop"
"https://www.99acres.com/commercial-property-in-noida-ffid","1785","no data","2501","0.06","2022-02-26 08:00","desktop"
"https://www.99acres.com/property-in-noida-ffid","2079","6","2698","0.05","2022-02-26 08:00","desktop"
"https://www.99acres.com/property-in-noida-ffid","2079","6","2698","0.05","2022-02-26 10:00","desktop"
"https://www.99acres.com/property-for-rent-in-noida-ffid","2285","6","2661","0.2","2022-02-26 10:00","desktop"
"https://www.99acres.com/commercial-property-in-noida-ffid","1785","no data","2501","0.06","2022-02-26 10:00","desktop"
"https://www.99acres.com","1827","4","2602","0.09","2022-02-26 08:00","desktop"
"https://www.99acres.com/property-in-noida-ffid","2044","7","2675","0.06","2022-02-26 15:00","desktop"
"https://www.99acres.com/property-for-rent-in-noida-ffid","2279","6","2661","0.2","2022-02-26 15:00","desktop"
"https://www.99acres.com/property-in-noida-ffid","2044","7","2675","0.06","2022-02-26 15:00","desktop"
"https://www.99acres.com","1827","4","2602","0.09","2022-02-26 10:00","desktop"
"https://www.99acres.com","1826","4","2599","0.09","2022-02-26 15:00","desktop"
"https://www.99acres.com/property-in-noida-ffid","2044","7","2675","0.06","2022-02-26 12:00","desktop"
"https://www.99acres.com/property-for-rent-in-noida-ffid","2279","6","2661","0.2","2022-02-26 12:00","desktop"
"https://www.99acres.com/property-in-noida-ffid","2044","7","2675","0.06","2022-02-26 12:00","desktop"
"https://www.99acres.com/property-in-noida-ffid","2044","7","2675","0.06","2022-02-26 18:00","desktop"
"https://www.99acres.com/property-for-rent-in-noida-ffid","2279","6","2661","0.2","2022-02-26 18:00","desktop"
"https://www.99acres.com/property-in-noida-ffid","2044","7","2675","0.06","2022-02-26 18:00","desktop"
"https://www.99acres.com","1826","4","2599","0.09","2022-02-26 12:00","desktop"
"https://www.99acres.com","1826","4","2599","0.09","2022-02-26 18:00","desktop"
"https://www.99acres.com/property-for-rent-in-noida-ffid","2279","6","2661","0.2","2022-02-26 20:00","desktop"
"https://www.99acres.com/property-in-noida-ffid","2044","7","2675","0.06","2022-02-26 20:00","desktop"
"https://www.99acres.com","1826","4","2599","0.09","2022-02-26 22:00","desktop"
"https://www.99acres.com","1826","4","2599","0.09","2022-02-26 20:00","desktop"
"https://www.99acres.com/property-in-noida-ffid","2044","7","2675","0.06","2022-02-26 22:00","desktop"
"https://www.99acres.com/property-for-rent-in-noida-ffid","2279","6","2661","0.2","2022-02-26 22:00","desktop"
"https://www.99acres.com/property-in-noida-ffid","2044","7","2675","0.06","2022-02-26 22:00","desktop"
"https://www.99acres.com","1826","4","2599","0.09","2022-02-27 06:13","desktop"
"https://www.99acres.com/property-in-noida-ffid","2044","9","2744","0.06","2022-02-27 11:19","desktop"
"https://www.99acres.com/property-for-rent-in-noida-ffid","2261","6","2562","0.19","2022-02-27 11:19","desktop"
"https://www.99acres.com/property-in-noida-ffid","2044","9","2744","0.06","2022-02-27 11:19","desktop"
"https://www.99acres.com/property-in-noida-ffid","2044","9","2744","0.06","2022-02-27 12:00","desktop"
"https://www.99acres.com/property-for-rent-in-noida-ffid","2261","6","2562","0.19","2022-02-27 12:00","desktop"
"https://www.99acres.com/property-in-noida-ffid","2044","9","2744","0.06","2022-02-27 12:00","desktop"
"https://www.99acres.com","1826","4","2596","0.09","2022-02-27 11:19","desktop"
"https://www.99acres.com/property-in-noida-ffid","2044","9","2744","0.06","2022-02-27 15:00","desktop"
"https://www.99acres.com/property-for-rent-in-noida-ffid","2261","6","2562","0.19","2022-02-27 15:00","desktop"
"https://www.99acres.com/property-in-noida-ffid","2044","9","2744","0.06","2022-02-27 15:00","desktop"
"https://www.99acres.com","1826","4","2596","0.09","2022-02-27 12:00","desktop"
"https://www.99acres.com/property-in-noida-ffid","2044","9","2744","0.06","2022-02-27 18:00","desktop"
"https://www.99acres.com/property-for-rent-in-noida-ffid","2261","6","2562","0.19","2022-02-27 18:00","desktop"
"https://www.99acres.com/property-in-noida-ffid","2044","9","2744","0.06","2022-02-27 18:00","desktop"
"https://www.99acres.com","1826","4","2596","0.09","2022-02-27 15:00","desktop"
"https://www.99acres.com","1826","4","2596","0.09","2022-02-27 18:00","desktop"
"https://www.99acres.com","1826","4","2596","0.09","2022-02-27 20:00","desktop"
"https://www.99acres.com/property-in-noida-ffid","2044","9","2744","0.06","2022-02-27 20:00","desktop"
"https://www.99acres.com/property-for-rent-in-noida-ffid","2261","6","2562","0.19","2022-02-27 20:00","desktop"
"https://www.99acres.com/property-in-noida-ffid","2044","9","2744","0.06","2022-02-27 20:00","desktop"
"https://www.99acres.com/property-in-noida-ffid","2044","9","2744","0.06","2022-02-27 22:00","desktop"
"https://www.99acres.com/property-for-rent-in-noida-ffid","2261","6","2562","0.19","2022-02-27 22:00","desktop"
"https://www.99acres.com/property-in-noida-ffid","2044","9","2744","0.06","2022-02-27 22:00","desktop"
"https://www.99acres.com","1826","4","2596","0.09","2022-02-27 22:00","desktop"
"https://www.99acres.com/property-in-noida-ffid","2044","7","2675","0.06","2022-02-27 06:13","desktop"
"https://www.99acres.com/property-for-rent-in-noida-ffid","2279","6","2661","0.2","2022-02-27 06:13","desktop"
"https://www.99acres.com/property-in-noida-ffid","2044","7","2675","0.06","2022-02-27 06:13","desktop"
"https://www.99acres.com/property-in-noida-ffid","2044","9","2744","0.06","2022-02-28 08:00","desktop"
"https://www.99acres.com/property-for-rent-in-noida-ffid","2261","6","2562","0.19","2022-02-28 08:00","desktop"
"https://www.99acres.com/property-in-noida-ffid","2044","9","2744","0.06","2022-02-28 08:00","desktop"
"https://www.99acres.com","1826","4","2596","0.09","2022-02-28 08:00","desktop"
"https://www.99acres.com","1826","4","2596","0.09","2022-02-28 10:00","desktop"
"https://www.99acres.com","1823","4","2589","0.09","2022-02-28 12:00","desktop"
"https://www.99acres.com/property-in-noida-ffid","2037","9","2713","0.06","2022-02-28 12:00","desktop"
"https://www.99acres.com/property-for-rent-in-noida-ffid","2190","6","2482","0.2","2022-02-28 12:00","desktop"
"https://www.99acres.com/property-in-noida-ffid","2037","9","2713","0.06","2022-02-28 12:00","desktop"
"https://www.99acres.com/property-in-noida-ffid","2037","9","2713","0.06","2022-02-28 18:00","desktop"
"https://www.99acres.com/property-for-rent-in-noida-ffid","2190","6","2482","0.2","2022-02-28 18:00","desktop"
"https://www.99acres.com/property-in-noida-ffid","2037","9","2713","0.06","2022-02-28 18:00","desktop"
"https://www.99acres.com/property-in-noida-ffid","2037","9","2713","0.06","2022-02-28 15:00","desktop"
"https://www.99acres.com/property-for-rent-in-noida-ffid","2190","6","2482","0.2","2022-02-28 15:00","desktop"
"https://www.99acres.com/property-in-noida-ffid","2037","9","2713","0.06","2022-02-28 15:00","desktop"
"https://www.99acres.com","1823","4","2589","0.09","2022-02-28 15:00","desktop"
"https://www.99acres.com","1823","4","2589","0.09","2022-02-28 18:00","desktop"
"https://www.99acres.com/property-in-noida-ffid","2044","9","2744","0.06","2022-02-28 10:00","desktop"
"https://www.99acres.com/property-for-rent-in-noida-ffid","2261","6","2562","0.19","2022-02-28 10:00","desktop"
"https://www.99acres.com/property-in-noida-ffid","2044","9","2744","0.06","2022-02-28 10:00","desktop"
"https://www.99acres.com","1823","4","2589","0.09","2022-02-28 20:00","desktop"
"https://www.99acres.com/property-in-noida-ffid","2037","9","2713","0.06","2022-02-28 22:00","desktop"
"https://www.99acres.com/property-for-rent-in-noida-ffid","2190","6","2482","0.2","2022-02-28 22:00","desktop"
"https://www.99acres.com/property-in-noida-ffid","2037","9","2713","0.06","2022-02-28 22:00","desktop"
"https://www.99acres.com/property-in-noida-ffid","2037","9","2713","0.06","2022-02-28 20:00","desktop"
"https://www.99acres.com/property-for-rent-in-noida-ffid","2190","6","2482","0.2","2022-02-28 20:00","desktop"
"https://www.99acres.com/property-in-noida-ffid","2037","9","2713","0.06","2022-02-28 20:00","desktop"
"https://www.99acres.com","1823","4","2589","0.09","2022-02-28 22:00","desktop"
"https://www.99acres.com/property-in-noida-ffid","2037","9","2713","0.06","2022-03-01 08:36","desktop"
"https://www.99acres.com/property-for-rent-in-noida-ffid","2190","6","2482","0.2","2022-03-01 08:36","desktop"
"https://www.99acres.com/property-in-noida-ffid","2037","9","2713","0.06","2022-03-01 08:36","desktop"
"https://www.99acres.com","1823","4","2589","0.09","2022-03-01 08:36","desktop"
"https://www.99acres.com","1823","4","2589","0.09","2022-03-01 10:00","desktop"
"https://www.99acres.com/property-in-noida-ffid","2037","9","2713","0.06","2022-03-01 10:00","desktop"
"https://www.99acres.com/property-for-rent-in-noida-ffid","2190","6","2482","0.2","2022-03-01 10:00","desktop"
"https://www.99acres.com/property-in-noida-ffid","2037","9","2713","0.06","2022-03-01 10:00","desktop"
"https://www.99acres.com/property-in-noida-ffid","2044","8","2713","0.06","2022-03-01 12:00","desktop"
"https://www.99acres.com/property-for-rent-in-noida-ffid","2181","7","2482","0.2","2022-03-01 12:00","desktop"
"https://www.99acres.com/property-in-noida-ffid","2044","8","2713","0.06","2022-03-01 12:00","desktop"
"https://www.99acres.com","1820","4","2582","0.09","2022-03-01 12:00","desktop"
"https://www.99acres.com/property-in-noida-ffid","2044","8","2713","0.06","2022-03-01 15:01","desktop"
"https://www.99acres.com/property-for-rent-in-noida-ffid","2181","7","2482","0.2","2022-03-01 15:01","desktop"
"https://www.99acres.com/property-in-noida-ffid","2044","8","2713","0.06","2022-03-01 15:01","desktop"
"https://www.99acres.com","1820","4","2582","0.09","2022-03-01 15:01","desktop"
"https://www.99acres.com/property-in-noida-ffid","2044","8","2713","0.06","2022-03-01 18:00","desktop"
"https://www.99acres.com/property-for-rent-in-noida-ffid","2181","7","2482","0.2","2022-03-01 18:00","desktop"
"https://www.99acres.com/property-in-noida-ffid","2044","8","2713","0.06","2022-03-01 18:00","desktop"
"https://www.99acres.com","1820","4","2582","0.09","2022-03-01 18:00","desktop"
"https://www.99acres.com/property-in-noida-ffid","2044","8","2713","0.06","2022-03-01 20:00","desktop"
"https://www.99acres.com/property-for-rent-in-noida-ffid","2181","7","2482","0.2","2022-03-01 20:00","desktop"
"https://www.99acres.com/property-in-noida-ffid","2044","8","2713","0.06","2022-03-01 20:00","desktop"
"https://www.99acres.com","1820","4","2582","0.09","2022-03-01 20:00","desktop"
"https://www.99acres.com/property-in-noida-ffid","2044","8","2713","0.06","2022-03-01 22:00","desktop"
"https://www.99acres.com/property-for-rent-in-noida-ffid","2181","7","2482","0.2","2022-03-01 22:00","desktop"
"https://www.99acres.com/property-in-noida-ffid","2044","8","2713","0.06","2022-03-01 22:00","desktop"
"https://www.99acres.com","1820","4","2582","0.09","2022-03-01 22:00","desktop"
"https://www.99acres.com","1820","4","2582","0.09","2022-03-02 10:01","desktop"
"https://www.99acres.com/property-in-noida-ffid","2044","8","2713","0.06","2022-03-02 08:00","desktop"
"https://www.99acres.com/property-for-rent-in-noida-ffid","2181","7","2482","0.2","2022-03-02 08:00","desktop"
"https://www.99acres.com/property-in-noida-ffid","2044","8","2713","0.06","2022-03-02 08:00","desktop"
"https://www.99acres.com/property-in-noida-ffid","1961","8","2597","0.06","2022-03-02 12:01","desktop"
"https://www.99acres.com/property-for-rent-in-noida-ffid","2181","6","2556","0.18","2022-03-02 12:01","desktop"
"https://www.99acres.com/property-in-noida-ffid","1961","8","2597","0.06","2022-03-02 12:01","desktop"
"https://www.99acres.com","1820","4","2582","0.09","2022-03-02 08:00","desktop"
"https://www.99acres.com","1820","4","2576","0.08","2022-03-02 12:01","desktop"
"https://www.99acres.com/property-in-noida-ffid","2044","8","2713","0.06","2022-03-02 10:01","desktop"
"https://www.99acres.com/property-for-rent-in-noida-ffid","2181","7","2482","0.2","2022-03-02 10:01","desktop"
"https://www.99acres.com/property-in-noida-ffid","2044","8","2713","0.06","2022-03-02 10:01","desktop"
"https://www.99acres.com/property-in-noida-ffid","1961","8","2597","0.06","2022-03-02 15:00","desktop"
"https://www.99acres.com/property-for-rent-in-noida-ffid","2181","6","2556","0.18","2022-03-02 15:00","desktop"
"https://www.99acres.com/property-in-noida-ffid","1961","8","2597","0.06","2022-03-02 15:00","desktop"
"https://www.99acres.com","1820","4","2576","0.08","2022-03-02 15:00","desktop"
"https://www.99acres.com","1820","4","2576","0.08","2022-03-02 18:00","desktop"
"https://www.99acres.com/property-in-noida-ffid","1961","8","2597","0.06","2022-03-02 20:00","desktop"
"https://www.99acres.com/property-for-rent-in-noida-ffid","2181","6","2556","0.18","2022-03-02 20:00","desktop"
"https://www.99acres.com/property-in-noida-ffid","1961","8","2597","0.06","2022-03-02 20:00","desktop"
"https://www.99acres.com/property-in-noida-ffid","1961","8","2597","0.06","2022-03-02 22:00","desktop"
"https://www.99acres.com/property-for-rent-in-noida-ffid","2181","6","2556","0.18","2022-03-02 22:00","desktop"
"https://www.99acres.com/property-in-noida-ffid","1961","8","2597","0.06","2022-03-02 22:00","desktop"
"https://www.99acres.com/property-in-noida-ffid","1961","8","2597","0.06","2022-03-02 18:00","desktop"
"https://www.99acres.com/property-for-rent-in-noida-ffid","2181","6","2556","0.18","2022-03-02 18:00","desktop"
"https://www.99acres.com/property-in-noida-ffid","1961","8","2597","0.06","2022-03-02 18:00","desktop"
"https://www.99acres.com","1820","4","2576","0.08","2022-03-02 20:00","desktop"
"https://www.99acres.com","1820","4","2576","0.08","2022-03-02 22:00","desktop"
"https://www.99acres.com","1820","4","2570","0.08","2022-03-03 08:00","desktop"
"https://www.99acres.com/property-for-rent-in-noida-ffid","2138","6","2396","0.18","2022-03-03 08:00","desktop"
"https://www.99acres.com/property-in-noida-ffid","2031","9","2633","0.05","2022-03-03 10:00","desktop"
"https://www.99acres.com/property-for-rent-in-noida-ffid","2138","6","2396","0.18","2022-03-03 10:00","desktop"
"https://www.99acres.com/property-in-noida-ffid","2031","9","2633","0.05","2022-03-03 10:00","desktop"
"https://www.99acres.com","1820","4","2570","0.08","2022-03-03 10:00","desktop"
"https://www.99acres.com/property-in-noida-ffid","2031","9","2633","0.05","2022-03-03 12:00","desktop"
"https://www.99acres.com/property-for-rent-in-noida-ffid","2138","6","2396","0.18","2022-03-03 12:00","desktop"
"https://www.99acres.com/property-in-noida-ffid","2031","9","2633","0.05","2022-03-03 12:00","desktop"
"https://www.99acres.com","1820","4","2570","0.08","2022-03-03 12:00","desktop"
"https://www.99acres.com/property-in-noida-ffid","2031","9","2633","0.05","2022-03-03 15:00","desktop"
"https://www.99acres.com/property-for-rent-in-noida-ffid","2138","6","2396","0.18","2022-03-03 15:00","desktop"
"https://www.99acres.com/property-in-noida-ffid","2031","9","2633","0.05","2022-03-03 15:00","desktop"
"https://www.99acres.com","1820","4","2570","0.08","2022-03-03 15:00","desktop"
"https://www.99acres.com/property-in-noida-ffid","2031","9","2633","0.05","2022-03-03 18:00","desktop"
"https://www.99acres.com/property-for-rent-in-noida-ffid","2138","6","2396","0.18","2022-03-03 18:00","desktop"
"https://www.99acres.com/property-in-noida-ffid","2031","9","2633","0.05","2022-03-03 18:00","desktop"
"https://www.99acres.com/property-in-noida-ffid","2031","9","2633","0.05","2022-03-03 20:00","desktop"
"https://www.99acres.com/property-for-rent-in-noida-ffid","2138","6","2396","0.18","2022-03-03 20:00","desktop"
"https://www.99acres.com/property-in-noida-ffid","2031","9","2633","0.05","2022-03-03 20:00","desktop"
"https://www.99acres.com","1820","4","2570","0.08","2022-03-03 18:00","desktop"
"https://www.99acres.com","1820","4","2570","0.08","2022-03-03 20:00","desktop"
"https://www.99acres.com/property-in-noida-ffid","2031","9","2633","0.05","2022-03-03 22:00","desktop"
"https://www.99acres.com/property-for-rent-in-noida-ffid","2138","6","2396","0.18","2022-03-03 22:00","desktop"
"https://www.99acres.com/property-in-noida-ffid","2031","9","2633","0.05","2022-03-03 22:00","desktop"
"https://www.99acres.com/property-in-noida-ffid","2031","9","2633","0.05","2022-03-04 08:00","desktop"
"https://www.99acres.com/property-for-rent-in-noida-ffid","2138","6","2396","0.18","2022-03-04 08:00","desktop"
"https://www.99acres.com/property-in-noida-ffid","2031","9","2633","0.05","2022-03-04 08:00","desktop"
"https://www.99acres.com","1820","4","2570","0.08","2022-03-03 22:00","desktop"
"https://www.99acres.com/property-in-noida-ffid","2031","9","2633","0.05","2022-03-04 10:01","desktop"
"https://www.99acres.com/property-for-rent-in-noida-ffid","2138","6","2396","0.18","2022-03-04 10:01","desktop"
"https://www.99acres.com/property-in-noida-ffid","2031","9","2633","0.05","2022-03-04 10:01","desktop"
"https://www.99acres.com","1820","4","2570","0.08","2022-03-04 08:00","desktop"
"https://www.99acres.com","1820","4","2570","0.08","2022-03-04 10:01","desktop"
"https://www.99acres.com","1820","4","2570","0.08","2022-03-04 12:00","desktop"
"https://www.99acres.com/property-in-noida-ffid","2031","9","2633","0.05","2022-03-04 12:00","desktop"
"https://www.99acres.com/property-for-rent-in-noida-ffid","2138","6","2396","0.18","2022-03-04 12:00","desktop"
"https://www.99acres.com/property-in-noida-ffid","2031","9","2633","0.05","2022-03-04 12:00","desktop"
"https://www.99acres.com/property-in-noida-ffid","1914","8","2543","0.05","2022-03-04 15:01","desktop"
"https://www.99acres.com/property-for-rent-in-noida-ffid","2115","6","2396","0.18","2022-03-04 15:01","desktop"
"https://www.99acres.com/property-in-noida-ffid","1914","8","2543","0.05","2022-03-04 15:01","desktop"
"https://www.99acres.com","1817","4","2559","0.08","2022-03-04 15:01","desktop"
"https://www.99acres.com/property-in-noida-ffid","1914","8","2543","0.05","2022-03-04 18:00","desktop"
"https://www.99acres.com/property-for-rent-in-noida-ffid","2115","6","2396","0.18","2022-03-04 18:00","desktop"
"https://www.99acres.com/property-in-noida-ffid","1914","8","2543","0.05","2022-03-04 18:00","desktop"
"https://www.99acres.com/property-in-noida-ffid","1914","8","2543","0.05","2022-03-04 23:05","desktop"
"https://www.99acres.com/property-for-rent-in-noida-ffid","2115","6","2396","0.18","2022-03-04 23:05","desktop"
"https://www.99acres.com","1817","4","2559","0.08","2022-03-04 18:00","desktop"
"https://www.99acres.com","1817","4","2559","0.08","2022-03-04 23:05","desktop"
"https://www.99acres.com/property-in-noida-ffid","1914","8","2543","0.05","2022-03-05 08:00","desktop"
"https://www.99acres.com/property-for-rent-in-noida-ffid","2115","6","2396","0.18","2022-03-05 08:00","desktop"
"https://www.99acres.com/property-in-noida-ffid","1914","8","2543","0.05","2022-03-05 08:00","desktop"
"https://www.99acres.com","1817","4","2559","0.08","2022-03-05 08:00","desktop"
"https://www.99acres.com/property-in-noida-ffid","1914","8","2543","0.05","2022-03-05 10:00","desktop"
"https://www.99acres.com/property-for-rent-in-noida-ffid","2115","6","2396","0.18","2022-03-05 10:00","desktop"
"https://www.99acres.com/property-in-noida-ffid","1914","8","2543","0.05","2022-03-05 10:00","desktop"
"https://www.99acres.com/Home-Real-Estate.htm","1985","no data","2004","0.04","2022-03-05 10:13","desktop"
"https://www.99acres.com/NRI-Real-Estate.htm","2644","104","2934","0.04","2022-03-05 10:13","desktop"
"https://www.99acres.com/","2320","16","3023","0.13","2022-03-05 10:13","desktop"
"https://www.99acres.com/Bangalore-Real-Estate.htm","3203","164","3638","0.05","2022-03-05 10:13","desktop"
"https://www.99acres.com/aba-cherry-county-techzone-4-greater-noida-west-npxid-r4462","1790","14","1898","0.09","2022-03-05 10:13","desktop"
"https://www.99acres.com/eldeco-live-by-the-greens-sector-150-noida-npxid-r300125","1710","9","1889","0.07","2022-03-05 10:13","desktop"
"https://www.99acres.com/tata-eureka-park-sector-150-noida-npxid-r270000","1678","5","1907","0.11","2022-03-05 10:13","desktop"
"https://www.99acres.com","1817","4","2559","0.08","2022-03-05 10:00","desktop"
"https://www.99acres.com/property-in-noida-ffid","1914","8","2543","0.05","2022-03-05 12:00","desktop"
"https://www.99acres.com/property-for-rent-in-noida-ffid","2115","6","2396","0.18","2022-03-05 12:00","desktop"
"https://www.99acres.com/property-in-noida-ffid","1914","8","2543","0.05","2022-03-05 12:00","desktop"
"https://www.99acres.com/Home-Real-Estate.htm","1985","no data","2004","0.04","2022-03-05 12:12","desktop"
"https://www.99acres.com/NRI-Real-Estate.htm","2644","104","2934","0.04","2022-03-05 12:12","desktop"
"https://www.99acres.com/","2320","16","3023","0.13","2022-03-05 12:12","desktop"
"https://www.99acres.com/Bangalore-Real-Estate.htm","3203","164","3638","0.05","2022-03-05 12:12","desktop"
"https://www.99acres.com/aba-cherry-county-techzone-4-greater-noida-west-npxid-r4462","1790","14","1898","0.09","2022-03-05 12:12","desktop"
"https://www.99acres.com/eldeco-live-by-the-greens-sector-150-noida-npxid-r300125","1710","9","1889","0.07","2022-03-05 12:12","desktop"
"https://www.99acres.com/tata-eureka-park-sector-150-noida-npxid-r270000","1678","5","1907","0.11","2022-03-05 12:12","desktop"
"https://www.99acres.com","1817","4","2559","0.08","2022-03-05 12:00","desktop"
"https://www.99acres.com","1813","4","2550","0.08","2022-03-05 15:00","desktop"
"https://www.99acres.com/property-for-rent-in-noida-ffid","2138","5","2543","0.16","2022-03-05 15:00","desktop"
"https://www.99acres.com/property-in-noida-ffid","1914","8","2534","0.05","2022-03-05 15:00","desktop"
"https://www.99acres.com/Home-Real-Estate.htm","2067","9","2109","0.04","2022-03-05 15:13","desktop"
"https://www.99acres.com/NRI-Real-Estate.htm","2619","97","2885","0.04","2022-03-05 15:13","desktop"
"https://www.99acres.com/","2317","17","3001","0.13","2022-03-05 15:13","desktop"
"https://www.99acres.com/Bangalore-Real-Estate.htm","3189","156","3589","0.05","2022-03-05 15:13","desktop"
"https://www.99acres.com/aba-cherry-county-techzone-4-greater-noida-west-npxid-r4462","1696","21","1784","0.09","2022-03-05 15:13","desktop"
"https://www.99acres.com/eldeco-live-by-the-greens-sector-150-noida-npxid-r300125","1667","10","1776","0.07","2022-03-05 15:13","desktop"
"https://www.99acres.com/tata-eureka-park-sector-150-noida-npxid-r270000","1661","5","1794","0.11","2022-03-05 15:13","desktop"
"https://www.99acres.com/property-for-rent-in-noida-ffid","2138","5","2543","0.16","2022-03-05 18:00","desktop"
"https://www.99acres.com/Home-Real-Estate.htm","2067","9","2109","0.04","2022-03-05 18:13","desktop"
"https://www.99acres.com/NRI-Real-Estate.htm","2619","97","2885","0.04","2022-03-05 18:13","desktop"
"https://www.99acres.com/","2317","17","3001","0.13","2022-03-05 18:13","desktop"
"https://www.99acres.com/Bangalore-Real-Estate.htm","3189","156","3589","0.05","2022-03-05 18:13","desktop"
"https://www.99acres.com/aba-cherry-county-techzone-4-greater-noida-west-npxid-r4462","1696","21","1784","0.09","2022-03-05 18:13","desktop"
"https://www.99acres.com/eldeco-live-by-the-greens-sector-150-noida-npxid-r300125","1667","10","1776","0.07","2022-03-05 18:13","desktop"
"https://www.99acres.com/tata-eureka-park-sector-150-noida-npxid-r270000","1661","5","1794","0.11","2022-03-05 18:13","desktop"
"https://www.99acres.com","1813","4","2550","0.08","2022-03-05 18:00","desktop"
"https://www.99acres.com/property-in-noida-ffid","1914","8","2534","0.05","2022-03-05 20:00","desktop"
"https://www.99acres.com/property-for-rent-in-noida-ffid","2138","5","2543","0.16","2022-03-05 20:00","desktop"
"https://www.99acres.com/property-in-noida-ffid","1914","8","2534","0.05","2022-03-05 20:00","desktop"
"https://www.99acres.com/Home-Real-Estate.htm","2067","9","2109","0.04","2022-03-05 20:11","desktop"
"https://www.99acres.com/NRI-Real-Estate.htm","2619","97","2885","0.04","2022-03-05 20:11","desktop"
"https://www.99acres.com/","2317","17","3001","0.13","2022-03-05 20:11","desktop"
"https://www.99acres.com/aba-cherry-county-techzone-4-greater-noida-west-npxid-r4462","1696","21","1784","0.09","2022-03-05 20:11","desktop"
"https://www.99acres.com/eldeco-live-by-the-greens-sector-150-noida-npxid-r300125","1667","10","1776","0.07","2022-03-05 20:11","desktop"
"https://www.99acres.com/tata-eureka-park-sector-150-noida-npxid-r270000","1661","5","1794","0.11","2022-03-05 20:11","desktop"
"https://www.99acres.com/property-for-rent-in-noida-ffid","2138","5","2543","0.16","2022-03-05 22:00","desktop"
"https://www.99acres.com/property-in-noida-ffid","1914","8","2534","0.05","2022-03-05 22:00","desktop"
"https://www.99acres.com/Home-Real-Estate.htm","2067","9","2109","0.04","2022-03-05 22:12","desktop"
"https://www.99acres.com/NRI-Real-Estate.htm","2619","97","2885","0.04","2022-03-05 22:12","desktop"
"https://www.99acres.com/","2317","17","3001","0.13","2022-03-05 22:12","desktop"
"https://www.99acres.com/Bangalore-Real-Estate.htm","3189","156","3589","0.05","2022-03-05 22:12","desktop"
"https://www.99acres.com/eldeco-live-by-the-greens-sector-150-noida-npxid-r300125","1667","10","1776","0.07","2022-03-05 22:12","desktop"
"https://www.99acres.com/tata-eureka-park-sector-150-noida-npxid-r270000","1661","5","1794","0.11","2022-03-05 22:12","desktop"
"https://www.99acres.com","1813","4","2550","0.08","2022-03-05 20:00","desktop"
"https://www.99acres.com","1813","4","2550","0.08","2022-03-05 22:00","desktop"
"https://www.99acres.com/property-in-noida-ffid","1914","8","2534","0.05","2022-03-06 08:00","desktop"
"https://www.99acres.com/property-for-rent-in-noida-ffid","2138","5","2543","0.16","2022-03-06 08:00","desktop"
"https://www.99acres.com/property-in-noida-ffid","1914","8","2534","0.05","2022-03-06 08:00","desktop"
"https://www.99acres.com/Home-Real-Estate.htm","2067","9","2109","0.04","2022-03-06 08:11","desktop"
"https://www.99acres.com/NRI-Real-Estate.htm","2619","97","2885","0.04","2022-03-06 08:11","desktop"
"https://www.99acres.com/","2317","17","3001","0.13","2022-03-06 08:11","desktop"
"https://www.99acres.com/Bangalore-Real-Estate.htm","3189","156","3589","0.05","2022-03-06 08:11","desktop"
"https://www.99acres.com/aba-cherry-county-techzone-4-greater-noida-west-npxid-r4462","1696","21","1784","0.09","2022-03-06 08:11","desktop"
"https://www.99acres.com/eldeco-live-by-the-greens-sector-150-noida-npxid-r300125","1667","10","1776","0.07","2022-03-06 08:11","desktop"
"https://www.99acres.com/tata-eureka-park-sector-150-noida-npxid-r270000","1661","5","1794","0.11","2022-03-06 08:11","desktop"
"https://www.99acres.com","1813","4","2550","0.08","2022-03-06 08:00","desktop"
"https://www.99acres.com/property-in-noida-ffid","1914","8","2534","0.05","2022-03-06 10:00","desktop"
"https://www.99acres.com/property-for-rent-in-noida-ffid","2138","5","2543","0.16","2022-03-06 10:00","desktop"
"https://www.99acres.com/property-in-noida-ffid","1914","8","2534","0.05","2022-03-06 10:00","desktop"
"https://www.99acres.com/Home-Real-Estate.htm","2067","9","2109","0.04","2022-03-06 10:13","desktop"
"https://www.99acres.com/NRI-Real-Estate.htm","2619","97","2885","0.04","2022-03-06 10:13","desktop"
"https://www.99acres.com/","2317","17","3001","0.13","2022-03-06 10:13","desktop"
"https://www.99acres.com/Bangalore-Real-Estate.htm","3189","156","3589","0.05","2022-03-06 10:13","desktop"
"https://www.99acres.com/aba-cherry-county-techzone-4-greater-noida-west-npxid-r4462","1696","21","1784","0.09","2022-03-06 10:13","desktop"
"https://www.99acres.com/eldeco-live-by-the-greens-sector-150-noida-npxid-r300125","1667","10","1776","0.07","2022-03-06 10:13","desktop"
"https://www.99acres.com/tata-eureka-park-sector-150-noida-npxid-r270000","1661","5","1794","0.11","2022-03-06 10:13","desktop"
"https://www.99acres.com","1813","4","2550","0.08","2022-03-06 10:00","desktop"
"https://www.99acres.com/property-in-noida-ffid","1925","12","2633","0.05","2022-03-06 12:00","desktop"
"https://www.99acres.com/property-for-rent-in-noida-ffid","2138","6","2543","0.16","2022-03-06 12:00","desktop"
"https://www.99acres.com/property-in-noida-ffid","1925","12","2633","0.05","2022-03-06 12:00","desktop"
"https://www.99acres.com/Home-Real-Estate.htm","2073","9","2165","0.04","2022-03-06 12:11","desktop"
"https://www.99acres.com/NRI-Real-Estate.htm","2673","105","2928","0.04","2022-03-06 12:11","desktop"
"https://www.99acres.com/","2325","17","2984","0.13","2022-03-06 12:11","desktop"
"https://www.99acres.com/Bangalore-Real-Estate.htm","3188","156","3578","0.05","2022-03-06 12:11","desktop"
"https://www.99acres.com/aba-cherry-county-techzone-4-greater-noida-west-npxid-r4462","1683","14","1722","0.09","2022-03-06 12:11","desktop"
"https://www.99acres.com/eldeco-live-by-the-greens-sector-150-noida-npxid-r300125","1710","10","1734","0.08","2022-03-06 12:11","desktop"
"https://www.99acres.com/tata-eureka-park-sector-150-noida-npxid-r270000","1673","5","1702","0.11","2022-03-06 12:11","desktop"
"https://www.99acres.com","1813","4","2547","0.08","2022-03-06 12:00","desktop"
"https://www.99acres.com","1813","4","2547","0.08","2022-03-06 15:00","desktop"
"https://www.99acres.com/property-in-noida-ffid","1925","12","2633","0.05","2022-03-06 15:00","desktop"
"https://www.99acres.com/property-for-rent-in-noida-ffid","2138","6","2543","0.16","2022-03-06 15:00","desktop"
"https://www.99acres.com/property-in-noida-ffid","1925","12","2633","0.05","2022-03-06 15:00","desktop"
"https://www.99acres.com/Home-Real-Estate.htm","2073","9","2165","0.04","2022-03-06 15:12","desktop"
"https://www.99acres.com/NRI-Real-Estate.htm","2673","105","2928","0.04","2022-03-06 15:12","desktop"
"https://www.99acres.com/","2325","17","2984","0.13","2022-03-06 15:12","desktop"
"https://www.99acres.com/Bangalore-Real-Estate.htm","3188","156","3578","0.05","2022-03-06 15:12","desktop"
"https://www.99acres.com/aba-cherry-county-techzone-4-greater-noida-west-npxid-r4462","1683","14","1722","0.09","2022-03-06 15:12","desktop"
"https://www.99acres.com/eldeco-live-by-the-greens-sector-150-noida-npxid-r300125","1710","10","1734","0.08","2022-03-06 15:12","desktop"
"https://www.99acres.com/tata-eureka-park-sector-150-noida-npxid-r270000","1673","5","1702","0.11","2022-03-06 15:12","desktop"
"https://www.99acres.com/property-in-noida-ffid","1925","12","2633","0.05","2022-03-06 18:00","desktop"
"https://www.99acres.com/property-for-rent-in-noida-ffid","2138","6","2543","0.16","2022-03-06 18:00","desktop"
"https://www.99acres.com/property-in-noida-ffid","1925","12","2633","0.05","2022-03-06 18:00","desktop"
"https://www.99acres.com/Home-Real-Estate.htm","2073","9","2165","0.04","2022-03-06 18:12","desktop"
"https://www.99acres.com/NRI-Real-Estate.htm","2673","105","2928","0.04","2022-03-06 18:12","desktop"
"https://www.99acres.com/","2325","17","2984","0.13","2022-03-06 18:12","desktop"
"https://www.99acres.com/Bangalore-Real-Estate.htm","3188","156","3578","0.05","2022-03-06 18:12","desktop"
"https://www.99acres.com/aba-cherry-county-techzone-4-greater-noida-west-npxid-r4462","1683","14","1722","0.09","2022-03-06 18:12","desktop"
"https://www.99acres.com/eldeco-live-by-the-greens-sector-150-noida-npxid-r300125","1710","10","1734","0.08","2022-03-06 18:12","desktop"
"https://www.99acres.com","1813","4","2547","0.08","2022-03-06 18:00","desktop"
"https://www.99acres.com/property-in-noida-ffid","1925","12","2633","0.05","2022-03-06 20:00","desktop"
"https://www.99acres.com/property-for-rent-in-noida-ffid","2138","6","2543","0.16","2022-03-06 20:00","desktop"
"https://www.99acres.com/property-in-noida-ffid","1925","12","2633","0.05","2022-03-06 20:00","desktop"
"https://www.99acres.com/Home-Real-Estate.htm","2073","9","2165","0.04","2022-03-06 20:11","desktop"
"https://www.99acres.com/NRI-Real-Estate.htm","2673","105","2928","0.04","2022-03-06 20:11","desktop"
"https://www.99acres.com/","2325","17","2984","0.13","2022-03-06 20:11","desktop"
"https://www.99acres.com/Bangalore-Real-Estate.htm","3188","156","3578","0.05","2022-03-06 20:11","desktop"
"https://www.99acres.com/aba-cherry-county-techzone-4-greater-noida-west-npxid-r4462","1683","14","1722","0.09","2022-03-06 20:11","desktop"
"https://www.99acres.com/eldeco-live-by-the-greens-sector-150-noida-npxid-r300125","1710","10","1734","0.08","2022-03-06 20:11","desktop"
"https://www.99acres.com/tata-eureka-park-sector-150-noida-npxid-r270000","1673","5","1702","0.11","2022-03-06 20:11","desktop"
"https://www.99acres.com/property-in-noida-ffid","1925","12","2633","0.05","2022-03-06 22:00","desktop"
"https://www.99acres.com/property-for-rent-in-noida-ffid","2138","6","2543","0.16","2022-03-06 22:00","desktop"
"https://www.99acres.com/property-in-noida-ffid","1925","12","2633","0.05","2022-03-06 22:00","desktop"
"https://www.99acres.com/Home-Real-Estate.htm","2073","9","2165","0.04","2022-03-06 22:11","desktop"
"https://www.99acres.com/NRI-Real-Estate.htm","2673","105","2928","0.04","2022-03-06 22:11","desktop"
"https://www.99acres.com/","2325","17","2984","0.13","2022-03-06 22:11","desktop"
"https://www.99acres.com/Bangalore-Real-Estate.htm","3188","156","3578","0.05","2022-03-06 22:11","desktop"
"https://www.99acres.com/aba-cherry-county-techzone-4-greater-noida-west-npxid-r4462","1683","14","1722","0.09","2022-03-06 22:11","desktop"
"https://www.99acres.com/eldeco-live-by-the-greens-sector-150-noida-npxid-r300125","1710","10","1734","0.08","2022-03-06 22:11","desktop"
"https://www.99acres.com/tata-eureka-park-sector-150-noida-npxid-r270000","1673","5","1702","0.11","2022-03-06 22:11","desktop"
"https://www.99acres.com","1813","4","2547","0.08","2022-03-06 20:00","desktop"
"https://www.99acres.com","1813","4","2547","0.08","2022-03-06 22:00","desktop"
"https://www.99acres.com/property-in-noida-ffid","1925","9","2575","0.05","2022-03-07 08:00","desktop"
"https://www.99acres.com/property-for-rent-in-noida-ffid","2190","6","2562","0.16","2022-03-07 08:00","desktop"
"https://www.99acres.com/commercial-property-in-noida-ffid","1821","no data","2501","NaN","2022-03-07 08:00","desktop"
"https://www.99acres.com/property-in-noida-ffid","1925","9","2575","0.05","2022-03-07 08:00","desktop"
"https://www.99acres.com/Home-Real-Estate.htm","2073","no data","2336","0.04","2022-03-07 08:12","desktop"
"https://www.99acres.com/NRI-Real-Estate.htm","2623","103","2896","0.04","2022-03-07 08:12","desktop"
"https://www.99acres.com/","2326","17","2969","0.13","2022-03-07 08:12","desktop"
"https://www.99acres.com/Bangalore-Real-Estate.htm","3189","156","3578","0.06","2022-03-07 08:12","desktop"
"https://www.99acres.com/aba-cherry-county-techzone-4-greater-noida-west-npxid-r4462","1695","20","1722","0.09","2022-03-07 08:12","desktop"
"https://www.99acres.com/eldeco-live-by-the-greens-sector-150-noida-npxid-r300125","1710","10","1734","0.08","2022-03-07 08:12","desktop"
"https://www.99acres.com/tata-eureka-park-sector-150-noida-npxid-r270000","1678","5","1683","0.11","2022-03-07 08:12","desktop"
"https://www.99acres.com","1813","4","2542","0.08","2022-03-07 08:00","desktop"
"https://www.99acres.com","1813","4","2542","0.08","2022-03-07 10:00","desktop"
"https://www.99acres.com/property-in-noida-ffid","1925","9","2575","0.05","2022-03-07 10:00","desktop"
"https://www.99acres.com/property-for-rent-in-noida-ffid","2190","6","2562","0.16","2022-03-07 10:00","desktop"
"https://www.99acres.com/commercial-property-in-noida-ffid","1821","no data","2501","NaN","2022-03-07 10:00","desktop"
"https://www.99acres.com/property-in-noida-ffid","1925","9","2575","0.05","2022-03-07 10:00","desktop"
"https://www.99acres.com/Home-Real-Estate.htm","2073","no data","2336","0.04","2022-03-07 10:13","desktop"
"https://www.99acres.com/NRI-Real-Estate.htm","2623","103","2896","0.04","2022-03-07 10:13","desktop"
"https://www.99acres.com/","2326","17","2969","0.13","2022-03-07 10:13","desktop"
"https://www.99acres.com/Bangalore-Real-Estate.htm","3189","156","3578","0.06","2022-03-07 10:13","desktop"
"https://www.99acres.com/aba-cherry-county-techzone-4-greater-noida-west-npxid-r4462","1695","20","1722","0.09","2022-03-07 10:13","desktop"
"https://www.99acres.com/eldeco-live-by-the-greens-sector-150-noida-npxid-r300125","1710","10","1734","0.08","2022-03-07 10:13","desktop"
"https://www.99acres.com/tata-eureka-park-sector-150-noida-npxid-r270000","1678","5","1683","0.11","2022-03-07 10:13","desktop"
"https://www.99acres.com/property-in-noida-ffid","1925","9","2575","0.05","2022-03-07 12:00","desktop"
"https://www.99acres.com/property-for-rent-in-noida-ffid","2190","6","2562","0.16","2022-03-07 12:00","desktop"
"https://www.99acres.com/commercial-property-in-noida-ffid","1821","no data","2501","NaN","2022-03-07 12:00","desktop"
"https://www.99acres.com/property-in-noida-ffid","1925","9","2575","0.05","2022-03-07 12:00","desktop"
"https://www.99acres.com/Home-Real-Estate.htm","2073","no data","2336","0.04","2022-03-07 12:13","desktop"
"https://www.99acres.com/NRI-Real-Estate.htm","2623","103","2896","0.04","2022-03-07 12:13","desktop"
"https://www.99acres.com/","2326","17","2969","0.13","2022-03-07 12:13","desktop"
"https://www.99acres.com/Bangalore-Real-Estate.htm","3189","156","3578","0.06","2022-03-07 12:13","desktop"
"https://www.99acres.com/aba-cherry-county-techzone-4-greater-noida-west-npxid-r4462","1695","20","1722","0.09","2022-03-07 12:13","desktop"
"https://www.99acres.com/eldeco-live-by-the-greens-sector-150-noida-npxid-r300125","1710","10","1734","0.08","2022-03-07 12:13","desktop"
"https://www.99acres.com/tata-eureka-park-sector-150-noida-npxid-r270000","1678","5","1683","0.11","2022-03-07 12:13","desktop"
"https://www.99acres.com","1813","4","2542","0.08","2022-03-07 12:00","desktop"